key,heading,writer,creation-moment,piece-text,email
peep-01,Title1,Writer1,2022/08/21 10:00,Text,peep1@gmail.com
peep-02,Title2,Writer2,2021/01/01 10:00,Text,peep2@gmail.com
peep-03,Title3,Writer3,2022/08/22 01:00,Text,peep3@gmail.com
peep-04,Title4,Writer4,2022/01/23 02:20,Text,peep4@gmail.com
peep-05,Title5,Writer5,2021/11/25 23:23,Text,peep5@gmail.com
peep-06,Title6,Writer6,2022/07/21 10:03,Text,peep3@gmail.com
peep-07,Title7,Writer7,2022/08/25 17:47,Text,peep3@gmail.com
peep-08,Title8,Writer8,2022/08/11 15:50,Text,peep111@gmail.com
peep-09,Title9,Writer9,2022/03/03 17:44,Text,peep3345@gmail.com
peep-10,Title10,Writer10,2022/02/21 19:07,Text,peep135t5@gmail.com
peep-11,Title11,Writer11,2021/07/07 04:40,Text,peepegs2@gmail.com
peep-12,Title12,Writer12,2022/08/23 07:00,Text,peep3ssgfd@gmail.com
peep-13,Title13,Writer13,2020/08/01 08:00,Text,chirthrdhp1@gmail.com
peep-14,Title14,Writer14,2020/09/01 09:30,Text,chirfhghp2@gmail.com
peep-15,Title15,Writer15,2000/10/01 14:00,Text,chijujrp3@gmail.com
peep-16,Title16,Writer16,2022/08/24 16:00,Text,peepyjyr61@gmail.com
peep-17,Title17,Writer17,2003/12/01 18:00,Text,chhggirp2@gmail.com
peep-18,Title18,Writer18,2004/01/02 20:00,Text,peepggg3@gmail.com
peep-19,Title19,Writer19,2005/06/07 15:27,Text,peepjjj1@gmail.com
peep-20,Title20,Writer20,2022/08/26 12:12,Text,chirtyddp2@gmail.com
peep-21,Title21,Writer21,1962/01/15 05:50,Text,shirp3@gmail.com
